meanMOS,googJitterBufferMsAudio,mosPacketsLostAudio
4.232732861817277,197,0
4.226891547464248,151,0
4.228355561188685,141,0
4.232852187413473,121,0
4.242433387773343,72,0
